{
  "accuracy": [
    0.833077609539032,
    0.8821724653244019,
    0.9030377268791199,
    0.9045719504356384,
    0.913777232170105,
    0.9183798432350159,
    0.9180730581283569,
    0.9254372715950012,
    0.9232893586158752,
    0.9297330379486084,
    0.9272782802581787,
    0.9321877956390381,
    0.9374040961265564,
    0.9374040961265564
  ],
  "loss": [
    0.4471634328365326,
    0.3175247609615326,
    0.26525524258613586,
    0.2472117692232132,
    0.22807881236076355,
    0.21063748002052307,
    0.20820829272270203,
    0.20102010667324066,
    0.20235545933246613,
    0.19109714031219482,
    0.18922704458236694,
    0.17643317580223083,
    0.16868671774864197,
    0.1720697283744812
  ],
  "val_accuracy": [
    0.9040590524673462,
    0.891758918762207,
    0.9102091193199158,
    0.9151291251182556,
    0.9151291251182556,
    0.9151291251182556,
    0.9237392544746399,
    0.9212791919708252,
    0.9163591861724854,
    0.9249692559242249,
    0.9212791919708252,
    0.9200491905212402,
    0.9200491905212402,
    0.9175891876220703
  ],
  "val_loss": [
    0.2890035808086395,
    0.29190048575401306,
    0.23219670355319977,
    0.22672617435455322,
    0.21434828639030457,
    0.22107046842575073,
    0.21257422864437103,
    0.20452120900154114,
    0.22961188852787018,
    0.20619113743305206,
    0.20582754909992218,
    0.20625141263008118,
    0.20104119181632996,
    0.2071017622947693
  ],
  "learning_rate": [
    0.0010000000474974513,
    0.0010000000474974513,
    0.0010000000474974513,
    0.0010000000474974513,
    0.0010000000474974513,
    0.0010000000474974513,
    0.0010000000474974513,
    0.0010000000474974513,
    0.0010000000474974513,
    0.0010000000474974513,
    0.0005000000237487257,
    0.0005000000237487257,
    0.0002500000118743628,
    0.0002500000118743628
  ]
}